mc-minbias-2011_11288505-79.root	00d85577
mc-minbias-2011_11260041-74.root	a8ebb04c
mc-minbias-2011_11252625-49.root	bd320d34
mc-minbias-2011_11288504-17.root	f79eea05
mc-minbias-2011_11288508-70.root	e9f2493a
mc-minbias-2011_11288286-62.root	9799b2c6
mc-minbias-2011_11288506-34.root	a057c5ce
mc-minbias-2011_11260045-32.root	8884fa86
mc-minbias-2011_11252625-98.root	4a8c81eb
mc-minbias-2011_11288285-82.root	d964ab9e
mc-minbias-2011_11288287-70.root	bdf9ba85
mc-minbias-2011_11288285-53.root	833a975c
mc-minbias-2011_11288507-26.root	3c88bffd
mc-minbias-2011_11288287-9.root	24198b25
mc-minbias-2011_11260045-7.root	934c916b
mc-minbias-2011_11252625-35.root	1ba5cf89
mc-minbias-2011_11288506-99.root	4d58192a
mc-minbias-2011_11288504-1.root	b064a68a
mc-minbias-2011_11288506-48.root	6c499083
mc-minbias-2011_11288285-85.root	8926decb
mc-minbias-2011_11288287-77.root	6a31f753
mc-minbias-2011_11288507-21.root	c9db9e91
mc-minbias-2011_11288285-54.root	43c0581d
mc-minbias-2011_11260045-0.root	f58709a3
mc-minbias-2011_11260045-98.root	d4ea4e7e
mc-minbias-2011_11252625-32.root	bb951632
mc-minbias-2011_11288286-19.root	7b8795a0
mc-minbias-2011_11288504-6.root	d1f9eb5a
mc-minbias-2011_11260045-49.root	5e6de63e
mc-minbias-2011_11260041-73.root	07d4b7c8
mc-minbias-2011_11288285-28.root	7ac2e8e1
mc-minbias-2011_11288286-65.root	fbb4cc30
mc-minbias-2011_11288508-8.root	8b6eadfc
mc-minbias-2011_11288504-10.root	9dc6221d
mc-minbias-2011_11288508-77.root	746b05d2
mc-minbias-2011_11288506-33.root	daa0c616
mc-minbias-2011_11260045-35.root	391bd417
mc-minbias-2011_11288287-79.root	c2497860
mc-minbias-2011_11288287-0.root	d202e283
mc-minbias-2011_11288504-62.root	acdceaa0
mc-minbias-2011_11288286-17.root	87ca5368
mc-minbias-2011_11288504-8.root	ae1603ee
mc-minbias-2011_11288506-90.root	c65afba1
mc-minbias-2011_11288506-41.root	cd7c4264
mc-minbias-2011_11260045-47.root	793111fb
mc-minbias-2011_11288507-82.root	8742bcac
mc-minbias-2011_11288505-70.root	dbd7c1a3
mc-minbias-2011_11288285-26.root	3cc5d504
mc-minbias-2011_11288507-53.root	ad68e5c5
mc-minbias-2011_11252625-40.root	29e486d1
mc-minbias-2011_11288508-79.root	cb33d8ce
mc-minbias-2011_11288508-6.root	88b1cf0a
mc-minbias-2011_11252625-91.root	7befbc9a
mc-minbias-2011_11288507-85.root	1f6e2bc3
mc-minbias-2011_11288505-77.root	00b5d055
mc-minbias-2011_11288507-54.root	392ee64b
mc-minbias-2011_11288285-21.root	637d8492
mc-minbias-2011_11252625-47.root	6511e6ba
mc-minbias-2011_11288508-1.root	c5ffa937
mc-minbias-2011_11288504-19.root	bfbef52f
mc-minbias-2011_11252625-96.root	a02d6e6b
mc-minbias-2011_11288507-28.root	caa0b7b1
mc-minbias-2011_11260045-9.root	9cae7cfd
mc-minbias-2011_11288287-7.root	02a3a3ac
mc-minbias-2011_11288286-10.root	77d4e581
mc-minbias-2011_11288504-65.root	01e34572
mc-minbias-2011_11288506-97.root	727c316f
mc-minbias-2011_11288506-46.root	1b496f3b
mc-minbias-2011_11260045-40.root	56efff66
mc-minbias-2011_11288505-93.root	3ec9e24b
mc-minbias-2011_11288507-61.root	699ab992
mc-minbias-2011_11288285-14.root	652a503c
mc-minbias-2011_11288506-9.root	729aa37a
mc-minbias-2011_11288285-1.root	17d21b46
mc-minbias-2011_11288287-37.root	d95193ec
mc-minbias-2011_11288505-42.root	6dd575f7
mc-minbias-2011_11252625-9.root	52bc0c12
mc-minbias-2011_11288286-88.root	864d9b3d
mc-minbias-2011_11288286-59.root	856fa7d1
mc-minbias-2011_11252625-72.root	17d70da0
mc-minbias-2011_11288285-68.root	bcb29416
mc-minbias-2011_11260041-33.root	9870b2e9
mc-minbias-2011_11260045-75.root	aa96e1ac
mc-minbias-2011_11288506-73.root	7d79d0e2
mc-minbias-2011_11288504-81.root	2b9b6e60
mc-minbias-2011_11288286-25.root	c0c8163a
mc-minbias-2011_11288504-50.root	6dac5529
mc-minbias-2011_11288508-37.root	89c5a2ad
mc-minbias-2011_11260041-34.root	c97f729d
mc-minbias-2011_11288505-39.root	c03cbf52
mc-minbias-2011_11288506-74.root	4d490106
mc-minbias-2011_11288504-86.root	84aba51b
mc-minbias-2011_11288504-57.root	5267d11f
mc-minbias-2011_11288508-30.root	436c1048
mc-minbias-2011_11288286-22.root	c68ccbd5
mc-minbias-2011_11288505-94.root	ad5809e4
mc-minbias-2011_11288285-13.root	973548a9
mc-minbias-2011_11288507-66.root	7c4587d2
mc-minbias-2011_11260041-99.root	d27f097b
mc-minbias-2011_11260041-48.root	aa72b5b2
mc-minbias-2011_11288285-6.root	58408657
mc-minbias-2011_11288505-45.root	f7637123
mc-minbias-2011_11288287-30.root	26fff783
mc-minbias-2011_11252625-75.root	bd877afc
mc-minbias-2011_11288287-93.root	ef586ed1
mc-minbias-2011_11288507-14.root	b569260e
mc-minbias-2011_11288285-61.root	4064bc94
mc-minbias-2011_11288287-42.root	81aeb319
mc-minbias-2011_11288505-37.root	6d680b3f
mc-minbias-2011_11288504-88.root	4a2bd08b
mc-minbias-2011_11288504-59.root	32d1a818
mc-minbias-2011_11288507-68.root	85643848
mc-minbias-2011_11260041-97.root	8d82abed
mc-minbias-2011_11288506-0.root	c587a34b
mc-minbias-2011_11260041-46.root	08cf88e7
mc-minbias-2011_11288285-8.root	a6d57998
mc-minbias-2011_11252625-0.root	b9d7c799
mc-minbias-2011_11288508-93.root	86447c6e
mc-minbias-2011_11288286-81.root	2cfaeefb
mc-minbias-2011_11288286-50.root	3054fda5
mc-minbias-2011_11288508-42.root	f2bc42a0
mc-minbias-2011_11288504-25.root	41c9c828
mc-minbias-2011_11260041-90.root	4157f174
mc-minbias-2011_11288506-7.root	e2c46ad9
mc-minbias-2011_11260041-41.root	6427db95
mc-minbias-2011_11288287-39.root	b7649002
mc-minbias-2011_11288286-86.root	2723eecb
mc-minbias-2011_11252625-7.root	f4133e96
mc-minbias-2011_11288508-94.root	cc47ceae
mc-minbias-2011_11288508-45.root	1b6994d3
mc-minbias-2011_11288504-22.root	ce006240
mc-minbias-2011_11288286-57.root	ddbabef0
mc-minbias-2011_11288287-94.root	4a54bd97
mc-minbias-2011_11288285-66.root	fd43fe58
mc-minbias-2011_11288507-13.root	673d9ce9
mc-minbias-2011_11268548-83.root	47a2c30d
mc-minbias-2011_11288505-30.root	fdebc183
mc-minbias-2011_11288287-45.root	3c9879ae
mc-minbias-2011_11288508-39.root	484a1fcb
mc-minbias-2011_11288508-54.root	138506f1
mc-minbias-2011_11288504-33.root	f93bf1b4
mc-minbias-2011_11288286-46.root	a44c10b4
mc-minbias-2011_11260045-16.root	c5259945
mc-minbias-2011_11288286-97.root	fe8e9748
mc-minbias-2011_11288508-85.root	76eca329
mc-minbias-2011_11288506-10.root	7a190f25
mc-minbias-2011_11260041-50.root	c452aefd
mc-minbias-2011_11288287-28.root	96370e03
mc-minbias-2011_11288505-1.root	f5de3e85
mc-minbias-2011_11260041-81.root	009e8a77
mc-minbias-2011_11288286-9.root	e773408a
mc-minbias-2011_11288508-28.root	df2d1b2c
mc-minbias-2011_11252625-11.root	ee0e94d4
mc-minbias-2011_11288505-21.root	11b06c7d
mc-minbias-2011_11288287-54.root	24442512
mc-minbias-2011_11288285-77.root	0a2f59f6
mc-minbias-2011_11288287-85.root	e218e10a
mc-minbias-2011_11288504-48.root	0e9e518d
mc-minbias-2011_11252625-16.root	319b5901
mc-minbias-2011_11288504-99.root	b68aa95c
mc-minbias-2011_11288287-53.root	027722e4
mc-minbias-2011_11288505-26.root	57eaacdd
mc-minbias-2011_11288285-70.root	063b8c47
mc-minbias-2011_11288287-82.root	aa9873cd
mc-minbias-2011_11288286-41.root	e0de8c58
mc-minbias-2011_11288508-53.root	966c2424
mc-minbias-2011_11288504-34.root	1b628b31
mc-minbias-2011_11260045-11.root	25df3120
mc-minbias-2011_11288508-82.root	2ad13c2d
mc-minbias-2011_11288286-90.root	1de32c60
mc-minbias-2011_11288506-17.root	f231b49a
mc-minbias-2011_11260041-57.root	3e9439f2
mc-minbias-2011_11288505-6.root	b0da4554
mc-minbias-2011_11288507-79.root	abaa38fa
mc-minbias-2011_11260041-86.root	8101d4cc
mc-minbias-2011_11288504-46.root	12626458
mc-minbias-2011_11288508-21.root	2399847a
mc-minbias-2011_11288286-33.root	43c8617f
mc-minbias-2011_11252625-18.root	8499c163
mc-minbias-2011_11288504-97.root	8466b6db
mc-minbias-2011_11288506-65.root	7447cdc9
mc-minbias-2011_11260041-25.root	8695de75
mc-minbias-2011_11288505-28.root	f2a1011c
mc-minbias-2011_11252625-64.root	7e5a7f35
mc-minbias-2011_11288506-19.root	3148d3eb
mc-minbias-2011_11260041-59.root	877d7fb8
mc-minbias-2011_11288505-54.root	d1ec9a44
mc-minbias-2011_11288287-21.root	7a584ce8
mc-minbias-2011_11288507-77.root	407a6fa4
mc-minbias-2011_11288505-8.root	eba9057b
mc-minbias-2011_11288505-85.root	a507384f
mc-minbias-2011_11288286-0.root	7d6e0605
mc-minbias-2011_11260041-88.root	da3a4a65
mc-minbias-2011_11288286-48.root	d2cf88a6
mc-minbias-2011_11252625-63.root	38c3ab45
mc-minbias-2011_11288286-99.root	dc57e94a
mc-minbias-2011_11288287-26.root	a5e1eb11
mc-minbias-2011_11288505-53.root	ea4238df
mc-minbias-2011_11288507-70.root	990c9293
mc-minbias-2011_11288505-82.root	4de29cd3
mc-minbias-2011_11288286-7.root	b51a0397
mc-minbias-2011_11288286-34.root	c02831f3
mc-minbias-2011_11288504-41.root	62445a77
mc-minbias-2011_11288508-26.root	70acbd2c
mc-minbias-2011_11288504-90.root	541b534a
mc-minbias-2011_11288506-62.root	814fd8a7
mc-minbias-2011_11260041-22.root	7da04795
mc-minbias-2011_11288285-79.root	586dc4a3
mc-minbias-2011_11252625-87.root	09e0f5c4
mc-minbias-2011_11252625-56.root	a2617da3
mc-minbias-2011_11260041-5.root	1eb64576
mc-minbias-2011_11288507-45.root	1fd04403
mc-minbias-2011_11288285-30.root	b8a869ab
mc-minbias-2011_11288287-13.root	e3ec2999
mc-minbias-2011_11288505-66.root	1a4f6357
mc-minbias-2011_11288507-94.root	53ae464f
mc-minbias-2011_11288506-57.root	3d0aca92
mc-minbias-2011_11288507-9.root	ca3f0d2b
mc-minbias-2011_11260045-51.root	6d6e3dc8
mc-minbias-2011_11260045-80.root	478bc66c
mc-minbias-2011_11288506-86.root	6e68ec68
mc-minbias-2011_11288508-13.root	2a17809d
mc-minbias-2011_11288504-74.root	a54aead4
mc-minbias-2011_11288507-39.root	3f9e07ba
mc-minbias-2011_11260041-17.root	93a00288
mc-minbias-2011_11288506-50.root	b4d5c4be
mc-minbias-2011_11260045-56.root	c45ef61b
mc-minbias-2011_11288506-81.root	82604cc9
mc-minbias-2011_11288508-14.root	3b2d13c8
mc-minbias-2011_11288504-73.root	3d152294
mc-minbias-2011_11288287-68.root	c98b5cd3
mc-minbias-2011_11260041-10.root	8e6e8177
mc-minbias-2011_11252625-80.root	902e055f
mc-minbias-2011_11252625-51.root	496729e6
mc-minbias-2011_11288508-68.root	a305836f
mc-minbias-2011_11260041-2.root	2da02f2d
mc-minbias-2011_11288285-37.root	ba001c78
mc-minbias-2011_11288507-42.root	9d610645
mc-minbias-2011_11288505-61.root	ff661927
mc-minbias-2011_11288287-14.root	7656f2ed
mc-minbias-2011_11288507-93.root	9e003ef9
mc-minbias-2011_11260045-58.root	867c9bda
mc-minbias-2011_11288507-0.root	81425e61
mc-minbias-2011_11252625-23.root	8b6964cf
mc-minbias-2011_11288507-30.root	5068964f
mc-minbias-2011_11288285-45.root	55377a5a
mc-minbias-2011_11288287-66.root	d66ca2d4
mc-minbias-2011_11288505-13.root	48c80eb4
mc-minbias-2011_11288285-94.root	17d80e93
mc-minbias-2011_11288506-22.root	e211f283
mc-minbias-2011_11260045-24.root	843f8546
mc-minbias-2011_11288286-74.root	9cd25031
mc-minbias-2011_11288508-66.root	558dcc3d
mc-minbias-2011_11288285-39.root	a7d8b7a5
mc-minbias-2011_11260041-62.root	fb6652aa
mc-minbias-2011_11288506-25.root	3ad84ae9
mc-minbias-2011_11252625-89.root	999cb8b4
mc-minbias-2011_11260045-23.root	795b264c
mc-minbias-2011_11252625-58.root	c6b44657
mc-minbias-2011_11288508-61.root	6373da8f
mc-minbias-2011_11288286-73.root	3fc7b6d1
mc-minbias-2011_11288505-68.root	c4f814a1
mc-minbias-2011_11260041-65.root	e59f92ce
mc-minbias-2011_11288506-59.root	b838e993
mc-minbias-2011_11288507-7.root	1d2a90e2
mc-minbias-2011_11252625-24.root	104a5b03
mc-minbias-2011_11288506-88.root	8256ec25
mc-minbias-2011_11288285-42.root	38a11861
mc-minbias-2011_11288507-37.root	b70d8a17
mc-minbias-2011_11288505-14.root	f3ec51df
mc-minbias-2011_11288287-61.root	8db11c54
mc-minbias-2011_11288285-93.root	5e179bdf
mc-minbias-2011_11260041-19.root	040a14a5
mc-minbias-2011_11260041-91.root	17c62530
mc-minbias-2011_11260041-40.root	edacff32
mc-minbias-2011_11288506-6.root	ef4c29c9
mc-minbias-2011_11288287-38.root	d15d6a7c
mc-minbias-2011_11288286-87.root	5518c595
mc-minbias-2011_11288508-95.root	38e99ee5
mc-minbias-2011_11252625-6.root	a81a0232
mc-minbias-2011_11288504-23.root	13f4bd7d
mc-minbias-2011_11288508-44.root	213e6d54
mc-minbias-2011_11288286-56.root	0d1a9185
mc-minbias-2011_11288285-67.root	c28c84d1
mc-minbias-2011_11288507-12.root	4fb0b70e
mc-minbias-2011_11288287-95.root	9af78a9d
mc-minbias-2011_11288505-31.root	1422a056
mc-minbias-2011_11288287-44.root	68766ea7
mc-minbias-2011_11288508-38.root	7f17e1d9
mc-minbias-2011_11288507-15.root	722c4b75
mc-minbias-2011_11288285-60.root	f5c4b54b
mc-minbias-2011_11288287-92.root	ab9c4de5
mc-minbias-2011_11268548-54.root	7ba4503a
mc-minbias-2011_11288287-43.root	0b33e295
mc-minbias-2011_11288505-36.root	fbd72ee3
mc-minbias-2011_11288504-89.root	b055b722
mc-minbias-2011_11288504-58.root	d6f4b8d3
mc-minbias-2011_11288507-69.root	8ca28579
mc-minbias-2011_11260041-96.root	1ecfac87
mc-minbias-2011_11260041-47.root	d3ef496c
mc-minbias-2011_11288506-1.root	56738466
mc-minbias-2011_11288285-9.root	744ff32c
mc-minbias-2011_11288508-92.root	bce7e00a
mc-minbias-2011_11252625-1.root	66ffd3f8
mc-minbias-2011_11288286-80.root	b162330a
mc-minbias-2011_11288286-51.root	ef6529b2
mc-minbias-2011_11288504-24.root	f84b994e
mc-minbias-2011_11288508-43.root	482d8a68
mc-minbias-2011_11260041-35.root	6a22d0cb
mc-minbias-2011_11288505-38.root	dcdc4ddb
mc-minbias-2011_11260045-73.root	2bf5b771
mc-minbias-2011_11288504-87.root	7e22cdb1
mc-minbias-2011_11288506-75.root	70d51ae9
mc-minbias-2011_11288508-31.root	fe707d13
mc-minbias-2011_11288504-56.root	d9c296aa
mc-minbias-2011_11288286-23.root	5be5ef13
mc-minbias-2011_11288285-12.root	aea09eaf
mc-minbias-2011_11288507-67.root	61db31ae
mc-minbias-2011_11288505-95.root	587a727c
mc-minbias-2011_11260041-98.root	4734b4c6
mc-minbias-2011_11260041-49.root	6710d02b
mc-minbias-2011_11288505-44.root	43007e80
mc-minbias-2011_11288287-31.root	9a274812
mc-minbias-2011_11288285-7.root	d51bba09
mc-minbias-2011_11252625-74.root	a9b36c92
mc-minbias-2011_11288507-60.root	b8c86550
mc-minbias-2011_11288285-15.root	e3db1381
mc-minbias-2011_11288505-92.root	6fde7555
mc-minbias-2011_11288506-8.root	474f7bf9
mc-minbias-2011_11288287-36.root	f65cbed1
mc-minbias-2011_11288505-43.root	7111edd1
mc-minbias-2011_11288285-0.root	f18dd801
mc-minbias-2011_11252625-8.root	540b8c02
mc-minbias-2011_11288286-89.root	02616659
mc-minbias-2011_11288286-58.root	8ec275dd
mc-minbias-2011_11252625-73.root	5da1aad1
mc-minbias-2011_11288285-69.root	7e13ce84
mc-minbias-2011_11260041-32.root	1eaf861a
mc-minbias-2011_11260045-74.root	adcaf491
mc-minbias-2011_11288504-80.root	133e34ff
mc-minbias-2011_11288506-72.root	c9a9337a
mc-minbias-2011_11288286-24.root	e17e21f3
mc-minbias-2011_11288508-36.root	3502e45f
mc-minbias-2011_11288504-51.root	f4674fc3
mc-minbias-2011_11288505-76.root	cf03bb15
mc-minbias-2011_11288507-84.root	1beb9762
mc-minbias-2011_11288507-55.root	c7611101
mc-minbias-2011_11288285-20.root	97e02fb0
mc-minbias-2011_11252625-46.root	413304ae
mc-minbias-2011_11288508-0.root	017ff707
mc-minbias-2011_11288504-18.root	f7c2d8b9
mc-minbias-2011_11252625-97.root	cb606a92
mc-minbias-2011_11288507-29.root	94d9043f
mc-minbias-2011_11260045-8.root	7ea8368c
mc-minbias-2011_11260045-90.root	f66b4e7a
mc-minbias-2011_11288287-6.root	dcbe6da0
mc-minbias-2011_11288506-96.root	a5d019bd
mc-minbias-2011_11288286-11.root	dcde204f
mc-minbias-2011_11288504-64.root	dd056fdc
mc-minbias-2011_11288506-47.root	b33e906d
mc-minbias-2011_11260045-41.root	40402a73
mc-minbias-2011_11288287-78.root	d6221171
mc-minbias-2011_11288287-1.root	bfd6c8b7
mc-minbias-2011_11288506-91.root	c2dc2b35
mc-minbias-2011_11288504-63.root	82d433ce
mc-minbias-2011_11288286-16.root	701a66a2
mc-minbias-2011_11288504-9.root	f7dad673
mc-minbias-2011_11288506-40.root	8cff4858
mc-minbias-2011_11260045-46.root	ff040182
mc-minbias-2011_11288505-71.root	0adba303
mc-minbias-2011_11288507-83.root	0e36c662
mc-minbias-2011_11288285-27.root	5e7b86ae
mc-minbias-2011_11288507-52.root	e200f34b
mc-minbias-2011_11252625-41.root	124cdfe0
mc-minbias-2011_11288508-78.root	0a5fe3e5
mc-minbias-2011_11288508-7.root	6c88d50a
mc-minbias-2011_11252625-90.root	f12e4a61
mc-minbias-2011_11288287-76.root	cc81760f
mc-minbias-2011_11288285-84.root	f88badcb
mc-minbias-2011_11288507-20.root	11802743
mc-minbias-2011_11288285-55.root	86a84378
mc-minbias-2011_11252625-33.root	0ba89d8a
mc-minbias-2011_11260045-1.root	93dd344f
mc-minbias-2011_11288286-18.root	72b3d7b8
mc-minbias-2011_11288504-7.root	1031a0bf
mc-minbias-2011_11260045-48.root	24dc78d3
mc-minbias-2011_11268541-83.root	1b7fa89c
mc-minbias-2011_11260041-72.root	ce274bf8
mc-minbias-2011_11288285-29.root	cb6cf30c
mc-minbias-2011_11288286-64.root	f5f29e68
mc-minbias-2011_11288508-9.root	1845f05c
mc-minbias-2011_11288508-76.root	0f981337
mc-minbias-2011_11288504-11.root	aa8a70f8
mc-minbias-2011_11288506-32.root	566afdb3
mc-minbias-2011_11260045-34.root	869e4069
mc-minbias-2011_11288505-78.root	d5f708f5
mc-minbias-2011_11260041-75.root	3c60541d
mc-minbias-2011_11252625-48.root	200db366
mc-minbias-2011_11288508-71.root	5cac7bce
mc-minbias-2011_11288504-16.root	d3c79012
mc-minbias-2011_11288286-63.root	e4c568ec
mc-minbias-2011_11288506-35.root	22dd21aa
mc-minbias-2011_11252625-99.root	02863dab
mc-minbias-2011_11260045-33.root	3a5ae641
mc-minbias-2011_11288287-71.root	8fd8835c
mc-minbias-2011_11288285-83.root	3c8bd881
mc-minbias-2011_11288285-52.root	acbd5473
mc-minbias-2011_11288507-27.root	f71f79f5
mc-minbias-2011_11252625-34.root	ef2a7b92
mc-minbias-2011_11288287-8.root	6a4688ac
mc-minbias-2011_11260045-6.root	2cb610bf
mc-minbias-2011_11288504-0.root	38dfc305
mc-minbias-2011_11288506-98.root	67a67e94
mc-minbias-2011_11288506-49.root	6f8ddb23
mc-minbias-2011_11288506-24.root	51d699f2
mc-minbias-2011_11260045-22.root	0018a1cb
mc-minbias-2011_11252625-88.root	724faba6
mc-minbias-2011_11252625-59.root	4e2eb9ac
mc-minbias-2011_11288508-60.root	eda2a262
mc-minbias-2011_11288286-72.root	0dfee58b
mc-minbias-2011_11288505-69.root	51280875
mc-minbias-2011_11260041-64.root	2073a64e
mc-minbias-2011_11288506-58.root	031aa544
mc-minbias-2011_11288507-6.root	9bf292d5
mc-minbias-2011_11252625-25.root	0c08a364
mc-minbias-2011_11288506-89.root	265e389a
mc-minbias-2011_11288285-43.root	d2dc12fe
mc-minbias-2011_11288507-36.root	22d0db4b
mc-minbias-2011_11288285-92.root	bcb2fe08
mc-minbias-2011_11288505-15.root	8313ab27
mc-minbias-2011_11288287-60.root	65048b14
mc-minbias-2011_11260041-18.root	08c44cad
mc-minbias-2011_11288507-1.root	759901ce
mc-minbias-2011_11260045-59.root	814e2b0e
mc-minbias-2011_11252625-22.root	637e0b75
mc-minbias-2011_11288507-31.root	846e07c5
mc-minbias-2011_11288285-44.root	1f3bc15e
mc-minbias-2011_11288285-95.root	4c37caba
mc-minbias-2011_11288287-67.root	059a1aff
mc-minbias-2011_11288505-12.root	8488ba0d
mc-minbias-2011_11268548-70.root	684734fb
mc-minbias-2011_11288506-23.root	f85c8813
mc-minbias-2011_11260045-25.root	93b053f7
mc-minbias-2011_11288286-75.root	8389ba4a
mc-minbias-2011_11288508-67.root	2892a1af
mc-minbias-2011_11288285-38.root	dbc59757
mc-minbias-2011_11260041-63.root	b7118c52
mc-minbias-2011_11288506-51.root	bbcd280c
mc-minbias-2011_11260045-57.root	c069f9df
mc-minbias-2011_11260045-86.root	0e292970
mc-minbias-2011_11288504-72.root	6d7f14a0
mc-minbias-2011_11288508-15.root	9c5578a4
mc-minbias-2011_11288506-80.root	33baac09
mc-minbias-2011_11288287-69.root	adc3bffb
mc-minbias-2011_11260041-11.root	2d04f227
mc-minbias-2011_11252625-81.root	7b0052f3
mc-minbias-2011_11252625-50.root	c1a1a051
mc-minbias-2011_11260041-3.root	c4bf59e8
mc-minbias-2011_11288508-69.root	fe6af9cb
mc-minbias-2011_11288285-36.root	9ce7cb98
mc-minbias-2011_11288507-43.root	f1432c7f
mc-minbias-2011_11288507-92.root	78e6a494
mc-minbias-2011_11288505-60.root	f3f576a0
mc-minbias-2011_11288287-15.root	7154983e
mc-minbias-2011_11252625-86.root	a77b4dcd
mc-minbias-2011_11252625-57.root	1e599820
mc-minbias-2011_11260041-4.root	78dc6a9c
mc-minbias-2011_11288507-44.root	af3c9694
mc-minbias-2011_11288285-31.root	9266588e
mc-minbias-2011_11288507-95.root	2cec5b41
mc-minbias-2011_11288287-12.root	4bb95254
mc-minbias-2011_11288505-67.root	68542f39
mc-minbias-2011_11288506-56.root	ca0fce78
mc-minbias-2011_11288507-8.root	041a22f7
mc-minbias-2011_11260045-81.root	77dd36db
mc-minbias-2011_11288504-75.root	974be5f1
mc-minbias-2011_11288508-12.root	eeb12177
mc-minbias-2011_11288506-87.root	9efdcef0
mc-minbias-2011_11288507-38.root	ad317856
mc-minbias-2011_11260041-16.root	82a8c6a2
mc-minbias-2011_11288286-49.root	6eded6dd
mc-minbias-2011_11252625-62.root	30e02543
mc-minbias-2011_11260045-19.root	8b5c13c6
mc-minbias-2011_11288286-98.root	ea26926f
mc-minbias-2011_11288287-27.root	6bf6a064
mc-minbias-2011_11288505-52.root	2f39d6be
mc-minbias-2011_11288505-83.root	361bcf75
mc-minbias-2011_11288507-71.root	23825675
mc-minbias-2011_11288286-6.root	aba4496b
mc-minbias-2011_11288286-35.root	15aa11a8
mc-minbias-2011_11288508-27.root	a1bddeb3
mc-minbias-2011_11288504-40.root	f71d3026
mc-minbias-2011_11260045-65.root	668e9c4a
mc-minbias-2011_11288506-63.root	13ac77ed
mc-minbias-2011_11288504-91.root	c7aad791
mc-minbias-2011_11260041-23.root	3e764f38
mc-minbias-2011_11288285-78.root	e2daac0b
mc-minbias-2011_11288508-20.root	91ffd64a
mc-minbias-2011_11288504-47.root	f54366c8
mc-minbias-2011_11288286-32.root	215becda
mc-minbias-2011_11252625-19.root	30524686
mc-minbias-2011_11260045-62.root	d382a078
mc-minbias-2011_11288506-64.root	a69eba0b
mc-minbias-2011_11288504-96.root	db34e223
mc-minbias-2011_11260041-24.root	71d029f8
mc-minbias-2011_11288505-29.root	b3d5c8a9
mc-minbias-2011_11252625-65.root	a286f0ea
mc-minbias-2011_11288506-18.root	3ecb7a80
mc-minbias-2011_11260041-58.root	69566bfd
mc-minbias-2011_11288505-55.root	8bf07526
mc-minbias-2011_11288287-20.root	e3b706a8
mc-minbias-2011_11288505-84.root	d44b49f1
mc-minbias-2011_11288505-9.root	fea9f2a8
mc-minbias-2011_11288507-76.root	f77d4821
mc-minbias-2011_11260041-89.root	c12f7715
mc-minbias-2011_11288286-1.root	5159da99
mc-minbias-2011_11288504-49.root	0e898515
mc-minbias-2011_11252625-17.root	7597f025
mc-minbias-2011_11288504-98.root	30461267
mc-minbias-2011_11288287-52.root	ccd92e6b
mc-minbias-2011_11288505-27.root	d6fc5345
mc-minbias-2011_11288287-83.root	7d2c2844
mc-minbias-2011_11288285-71.root	9c856055
mc-minbias-2011_11288286-40.root	2cb51917
mc-minbias-2011_11288504-35.root	9da99ec5
mc-minbias-2011_11288508-52.root	45fb9129
mc-minbias-2011_11260045-10.root	bb056779
mc-minbias-2011_11288506-16.root	94ff4ce2
mc-minbias-2011_11288508-83.root	714eff32
mc-minbias-2011_11288286-91.root	68dd1bd3
mc-minbias-2011_11260041-56.root	adb5f87b
mc-minbias-2011_11288507-78.root	90b22fe5
mc-minbias-2011_11288505-7.root	e7c262cc
mc-minbias-2011_11260041-87.root	21f3a6d5
mc-minbias-2011_11288504-32.root	e35c35ed
mc-minbias-2011_11288508-55.root	fe5af6d5
mc-minbias-2011_11288286-47.root	c5522118
mc-minbias-2011_11260045-17.root	94d850b0
mc-minbias-2011_11288506-11.root	e2fbcbcd
mc-minbias-2011_11288286-96.root	7deb159a
mc-minbias-2011_11288508-84.root	91784cff
mc-minbias-2011_11260041-51.root	24b634c6
mc-minbias-2011_11288287-29.root	52ba2fc5
mc-minbias-2011_11288505-0.root	3b3919cd
mc-minbias-2011_11288286-8.root	92a16f90
mc-minbias-2011_11260041-80.root	53e088d9
mc-minbias-2011_11288508-29.root	82b0c8e0
mc-minbias-2011_11252625-10.root	4a446d9c
mc-minbias-2011_11288505-20.root	67bf11ce
mc-minbias-2011_11288287-55.root	5b9f77e8
mc-minbias-2011_11288287-84.root	5dafe3d6
mc-minbias-2011_11288285-76.root	98b1aef2
mc-minbias-2011_11288507-2.root	632ef23e
mc-minbias-2011_11288508-18.root	c61d61f7
mc-minbias-2011_11252625-21.root	bd04c072
mc-minbias-2011_11288285-47.root	86be1021
mc-minbias-2011_11288507-32.root	463c1a26
mc-minbias-2011_11288505-11.root	3f190621
mc-minbias-2011_11288287-64.root	f613a3a9
mc-minbias-2011_11288285-96.root	0577b683
mc-minbias-2011_11260045-26.root	17a25f3a
mc-minbias-2011_11288506-20.root	dca15b52
mc-minbias-2011_11288508-64.root	7b33defb
mc-minbias-2011_11288286-76.root	8e7b48a8
mc-minbias-2011_11260041-60.root	2c3a692e
mc-minbias-2011_11288287-18.root	5f7cbe56
mc-minbias-2011_11260045-21.root	6a7506c3
mc-minbias-2011_11288506-27.root	b9795183
mc-minbias-2011_11260041-9.root	51b49b36
mc-minbias-2011_11288286-71.root	87f1a402
mc-minbias-2011_11288508-63.root	d6916383
mc-minbias-2011_11288507-49.root	b394eb87
mc-minbias-2011_11260041-67.root	b826b31e
mc-minbias-2011_11288507-98.root	329a7a44
mc-minbias-2011_11288507-5.root	c903bcb4
mc-minbias-2011_11288504-78.root	7ad0a47e
mc-minbias-2011_11252625-26.root	97d1eb96
mc-minbias-2011_11288507-35.root	04561178
mc-minbias-2011_11288285-40.root	316f8c00
mc-minbias-2011_11288287-63.root	c7dfcc53
mc-minbias-2011_11288505-16.root	d4d386b8
mc-minbias-2011_11288285-91.root	778683d6
mc-minbias-2011_11252625-85.root	e1ba7e47
mc-minbias-2011_11288506-29.root	e5b8dabb
mc-minbias-2011_11268551-22.root	26357c09
mc-minbias-2011_11260041-7.root	7a6eecf2
mc-minbias-2011_11252625-54.root	f23c682d
mc-minbias-2011_11288285-32.root	5d035a8c
mc-minbias-2011_11288507-47.root	b099bbde
mc-minbias-2011_11260041-69.root	5abfe5b4
mc-minbias-2011_11288505-64.root	98ecd87a
mc-minbias-2011_11288287-11.root	0bbc8f8c
mc-minbias-2011_11288507-96.root	0e10b7a4
mc-minbias-2011_11260045-53.root	6ebdf234
mc-minbias-2011_11288506-55.root	d3a162ac
mc-minbias-2011_11288506-84.root	4bf3379b
mc-minbias-2011_11288508-11.root	a03a5c09
mc-minbias-2011_11288504-76.root	79299f0e
mc-minbias-2011_11252625-28.root	e41f563c
mc-minbias-2011_11260041-15.root	6e015665
mc-minbias-2011_11288505-18.root	68cd718c
mc-minbias-2011_11260045-54.root	3268c223
mc-minbias-2011_11288506-52.root	b3f11cca
mc-minbias-2011_11288506-83.root	8274a8f5
mc-minbias-2011_11288508-16.root	4c7e82a1
mc-minbias-2011_11288504-71.root	61437185
mc-minbias-2011_11288285-49.root	e405e0d2
mc-minbias-2011_11260041-12.root	2c91308f
mc-minbias-2011_11288285-98.root	946b6f65
mc-minbias-2011_11260045-28.root	1e3342c7
mc-minbias-2011_11252625-82.root	8972d5b5
mc-minbias-2011_11288286-78.root	8e95db75
mc-minbias-2011_11260041-0.root	7194f18a
mc-minbias-2011_11252625-53.root	b663eb03
mc-minbias-2011_11288507-40.root	b6b2ee17
mc-minbias-2011_11288285-35.root	81598c72
mc-minbias-2011_11288287-16.root	c8dbc59c
mc-minbias-2011_11288505-63.root	22341186
mc-minbias-2011_11288507-91.root	02e85f34
mc-minbias-2011_11288286-31.root	dade2152
mc-minbias-2011_11288504-44.root	65107e57
mc-minbias-2011_11288508-23.root	f30ef650
mc-minbias-2011_11288504-95.root	42413da6
mc-minbias-2011_11288506-67.root	c9cd859b
mc-minbias-2011_11260045-61.root	a9933ac3
mc-minbias-2011_11260041-27.root	6ac13939
mc-minbias-2011_11252625-66.root	2f14d6ca
mc-minbias-2011_11288504-38.root	f2079596
mc-minbias-2011_11288287-23.root	49e97501
mc-minbias-2011_11288505-56.root	25c2662b
mc-minbias-2011_11288286-2.root	1fb55983
mc-minbias-2011_11288507-75.root	da1c5226
mc-minbias-2011_11288505-87.root	c8a39f2c
mc-minbias-2011_11252625-61.root	d17d39da
mc-minbias-2011_11288508-58.root	8e5791b3
mc-minbias-2011_11288508-89.root	ef341353
mc-minbias-2011_11288505-51.root	643f1308
mc-minbias-2011_11288287-24.root	345fd611
mc-minbias-2011_11288286-5.root	335aea27
mc-minbias-2011_11288507-72.root	3c6f976e
mc-minbias-2011_11288505-80.root	311d4c07
mc-minbias-2011_11288504-43.root	3a127c65
mc-minbias-2011_11288508-24.root	e31f417d
mc-minbias-2011_11288286-36.root	ff37a9e8
mc-minbias-2011_11288504-92.root	e6b44ce9
mc-minbias-2011_11288506-60.root	5b58b26e
mc-minbias-2011_11288287-58.root	eb48b3ca
mc-minbias-2011_11260041-20.root	7e38f188
mc-minbias-2011_11288287-89.root	675c994c
mc-minbias-2011_11288286-44.root	db0aba95
mc-minbias-2011_11288508-56.root	229c17aa
mc-minbias-2011_11288504-31.root	5f0d4655
mc-minbias-2011_11288508-87.root	5e3b09fc
mc-minbias-2011_11288286-95.root	78b50fff
mc-minbias-2011_11288506-12.root	e424fdfd
mc-minbias-2011_11260045-14.root	d94c1d0d
mc-minbias-2011_11260041-52.root	39fc1360
mc-minbias-2011_11260041-83.root	353c40fb
mc-minbias-2011_11288505-3.root	6cc057f2
mc-minbias-2011_11252625-13.root	9a88667b
mc-minbias-2011_11288286-38.root	86ab1496
mc-minbias-2011_11288287-56.root	f9a5f94a
mc-minbias-2011_11288505-23.root	6eb32873
mc-minbias-2011_11288285-75.root	5ede8f9d
mc-minbias-2011_11288287-87.root	2464dfbd
mc-minbias-2011_11252625-14.root	eeabc7b4
mc-minbias-2011_11288506-69.root	de3de3de
mc-minbias-2011_11288505-24.root	2beee5a9
mc-minbias-2011_11288287-51.root	659cee57
mc-minbias-2011_11260041-29.root	bdee4907
mc-minbias-2011_11288285-72.root	7b9d4ee3
mc-minbias-2011_11288287-80.root	b0612ad8
mc-minbias-2011_11252625-68.root	4f79128b
mc-minbias-2011_11288508-51.root	bc94100c
mc-minbias-2011_11288504-36.root	538eb438
mc-minbias-2011_11288286-43.root	d18fcd76
mc-minbias-2011_11288286-92.root	a7115caf
mc-minbias-2011_11288508-80.root	ae77eb25
mc-minbias-2011_11288506-15.root	cf057f93
mc-minbias-2011_11260045-13.root	8aa65a35
mc-minbias-2011_11288505-58.root	930f51bf
mc-minbias-2011_11260041-55.root	7728f772
mc-minbias-2011_11260041-84.root	438508bc
mc-minbias-2011_11288505-89.root	efe28e27
mc-minbias-2011_11288505-4.root	014f7c38
mc-minbias-2011_11288287-91.root	640213f9
mc-minbias-2011_11288285-63.root	336a8242
mc-minbias-2011_11288507-16.root	ca776fc4
mc-minbias-2011_11288505-35.root	9735d359
mc-minbias-2011_11288287-40.root	50e9b3ea
mc-minbias-2011_11260041-38.root	b412a19f
mc-minbias-2011_11288506-78.root	ded4c1f1
mc-minbias-2011_11260041-95.root	28135093
mc-minbias-2011_11288505-98.root	d521e5e7
mc-minbias-2011_11288505-49.root	f8ca9eb8
mc-minbias-2011_11288506-2.root	65973e15
mc-minbias-2011_11260041-44.root	1ca8cbdc
mc-minbias-2011_11288286-83.root	8ad5e7a4
mc-minbias-2011_11252625-2.root	b362d28d
mc-minbias-2011_11288508-91.root	237ac1b2
mc-minbias-2011_11252625-79.root	6b1a4a09
mc-minbias-2011_11288508-40.root	da969752
mc-minbias-2011_11288504-27.root	bd917016
mc-minbias-2011_11288286-52.root	1f88bae9
mc-minbias-2011_11260041-92.root	cd9ad3ce
mc-minbias-2011_11288285-18.root	15f06540
mc-minbias-2011_11288506-5.root	66edb068
mc-minbias-2011_11260041-43.root	f67d4015
mc-minbias-2011_11252625-5.root	6c92fca1
mc-minbias-2011_11288508-96.root	9479ad80
mc-minbias-2011_11288286-84.root	53276680
mc-minbias-2011_11288286-55.root	c04f9926
mc-minbias-2011_11288508-47.root	601af1e9
mc-minbias-2011_11288504-20.root	e4f831db
mc-minbias-2011_11288287-96.root	e49cfc8a
mc-minbias-2011_11288507-11.root	27fff229
mc-minbias-2011_11288285-64.root	df6d2900
mc-minbias-2011_11288287-47.root	d900fd37
mc-minbias-2011_11288505-32.root	7e88d8ba
mc-minbias-2011_11288286-29.root	bda2292b
mc-minbias-2011_11288505-91.root	c7608b1e
mc-minbias-2011_11288285-16.root	0f534231
mc-minbias-2011_11288507-63.root	1204a3c3
mc-minbias-2011_11288285-3.root	9d13261f
mc-minbias-2011_11288505-40.root	18628b11
mc-minbias-2011_11288287-35.root	75784399
mc-minbias-2011_11288508-98.root	6efe8c99
mc-minbias-2011_11252625-70.root	a6aad8cc
mc-minbias-2011_11288508-49.root	4ae8e5ce
mc-minbias-2011_11288287-98.root	e38dd41a
mc-minbias-2011_11288287-49.root	299ccdce
mc-minbias-2011_11260041-31.root	6715f826
mc-minbias-2011_11288506-71.root	ac8341cc
mc-minbias-2011_11288504-83.root	318afa34
mc-minbias-2011_11288504-52.root	c8411b74
mc-minbias-2011_11288508-35.root	7a407e57
mc-minbias-2011_11252622-1.root	04d79b22
mc-minbias-2011_11288286-27.root	38252963
mc-minbias-2011_11288507-18.root	a5050ca5
mc-minbias-2011_11260041-36.root	e0f59824
mc-minbias-2011_11268548-59.root	ded738b0
mc-minbias-2011_11288506-76.root	620ca4f0
mc-minbias-2011_11288504-84.root	282c7b3d
mc-minbias-2011_11260045-70.root	90f26851
mc-minbias-2011_11288286-20.root	07d0dffc
mc-minbias-2011_11288504-55.root	c56eedf3
mc-minbias-2011_11288508-32.root	0d9a0954
mc-minbias-2011_11288505-96.root	36d68816
mc-minbias-2011_11288507-64.root	2ca89d77
mc-minbias-2011_11288285-11.root	b4b136f2
mc-minbias-2011_11288285-4.root	ab109b54
mc-minbias-2011_11288287-32.root	e8a6c9c1
mc-minbias-2011_11288505-47.root	4f84248f
mc-minbias-2011_11252625-77.root	c394afc8
mc-minbias-2011_11288504-29.root	2ba86c12
mc-minbias-2011_11288285-89.root	73a4e644
mc-minbias-2011_11288285-58.root	a6760d02
mc-minbias-2011_11288286-15.root	7997c016
mc-minbias-2011_11288504-60.root	435843d5
mc-minbias-2011_11288506-92.root	ece81f82
mc-minbias-2011_11260045-94.root	d2162e4f
mc-minbias-2011_11288287-2.root	65466f2d
mc-minbias-2011_11260045-45.root	2a9f709b
mc-minbias-2011_11288506-43.root	cdf9c008
mc-minbias-2011_11288507-80.root	a1a0b1e5
mc-minbias-2011_11288505-72.root	d2411afb
mc-minbias-2011_11288507-51.root	7aa73f56
mc-minbias-2011_11288285-24.root	3ab86dec
mc-minbias-2011_11288508-4.root	b272cc58
mc-minbias-2011_11288286-69.root	c8119c27
mc-minbias-2011_11252625-42.root	602a6704
mc-minbias-2011_11252625-93.root	cd2e1c18
mc-minbias-2011_11260045-39.root	e51cc937
mc-minbias-2011_11260041-78.root	4488e354
mc-minbias-2011_11288507-87.root	1fc76228
mc-minbias-2011_11288505-75.root	95b44439
mc-minbias-2011_11288285-23.root	57ed4c36
mc-minbias-2011_11288507-56.root	17f35346
mc-minbias-2011_11288508-3.root	722029de
mc-minbias-2011_11252625-45.root	6e09b1b3
mc-minbias-2011_11252625-94.root	b1920a49
mc-minbias-2011_11288506-38.root	09cce893
mc-minbias-2011_11288504-67.root	847a4128
mc-minbias-2011_11288286-12.root	fa329e3e
mc-minbias-2011_11288506-95.root	f4b95e43
mc-minbias-2011_11252625-39.root	7048d724
mc-minbias-2011_11288287-5.root	04e1e8b5
mc-minbias-2011_11260045-42.root	41ba46cb
mc-minbias-2011_11288506-44.root	cb5424ef
mc-minbias-2011_11260041-76.root	0013436c
mc-minbias-2011_11288507-89.root	8ccfad43
mc-minbias-2011_11288507-58.root	bb2dc66b
mc-minbias-2011_11288286-60.root	d8e09658
mc-minbias-2011_11288504-15.root	ecd0488a
mc-minbias-2011_11288508-72.root	8fb0d27c
mc-minbias-2011_11260045-30.root	62f99d15
mc-minbias-2011_11288506-36.root	e7e229c7
mc-minbias-2011_11288285-80.root	655a4f22
mc-minbias-2011_11288287-72.root	21287a6e
mc-minbias-2011_11288507-24.root	c15bc3eb
mc-minbias-2011_11288285-51.root	bad86ed7
mc-minbias-2011_11288504-3.root	84c06715
mc-minbias-2011_11288504-69.root	cc0e84e5
mc-minbias-2011_11260045-5.root	d5868ec4
mc-minbias-2011_11252625-37.root	4031800a
mc-minbias-2011_11288285-87.root	72170343
mc-minbias-2011_11288287-75.root	53bb091d
mc-minbias-2011_11288285-56.root	9f9d3029
mc-minbias-2011_11288507-23.root	abe4b32a
mc-minbias-2011_11288504-4.root	3415ea9d
mc-minbias-2011_11260045-2.root	02833314
mc-minbias-2011_11252625-30.root	b8eafb48
mc-minbias-2011_11260041-71.root	0980ca74
mc-minbias-2011_11288504-12.root	76f53b75
mc-minbias-2011_11288508-75.root	c57d1091
mc-minbias-2011_11288286-67.root	aadb04da
mc-minbias-2011_11260045-37.root	30bf24bb
mc-minbias-2011_11288506-31.root	bedcc321
mc-minbias-2011_11252625-15.root	99c39eb0
mc-minbias-2011_11288506-68.root	393800c4
mc-minbias-2011_11288505-25.root	6b852302
mc-minbias-2011_11288287-50.root	2653c2d6
mc-minbias-2011_11260041-28.root	b5b7b88a
mc-minbias-2011_11288287-81.root	eb9f3fa6
mc-minbias-2011_11288285-73.root	feeac6b6
mc-minbias-2011_11252625-69.root	b6622fbc
mc-minbias-2011_11288504-37.root	8ad7c283
mc-minbias-2011_11288508-50.root	7c22034b
mc-minbias-2011_11288286-42.root	9365df47
mc-minbias-2011_11288506-14.root	073d182f
mc-minbias-2011_11288286-93.root	517473cf
mc-minbias-2011_11288508-81.root	83f94187
mc-minbias-2011_11260045-12.root	98da5cb9
mc-minbias-2011_11288505-59.root	c07e15ab
mc-minbias-2011_11260041-54.root	0f1a72d7
mc-minbias-2011_11260041-85.root	797e0fa4
mc-minbias-2011_11288505-5.root	a90fe533
mc-minbias-2011_11288505-88.root	1d18fa7f
mc-minbias-2011_11288286-45.root	9737a77b
mc-minbias-2011_11288504-30.root	38d08d2e
mc-minbias-2011_11288508-57.root	a3ff730e
mc-minbias-2011_11288506-13.root	50dcb946
mc-minbias-2011_11288508-86.root	092e3757
mc-minbias-2011_11288286-94.root	707c4510
mc-minbias-2011_11260045-15.root	a7ea47f7
mc-minbias-2011_11260041-53.root	5b6746d7
mc-minbias-2011_11260041-82.root	055788b3
mc-minbias-2011_11288505-2.root	8b29dc99
mc-minbias-2011_11268545-49.root	f3253688
mc-minbias-2011_11252625-12.root	9d7f103d
mc-minbias-2011_11288286-39.root	aa93ba02
mc-minbias-2011_11260045-69.root	50f3322b
mc-minbias-2011_11288287-57.root	7ff90bb1
mc-minbias-2011_11288505-22.root	81cbcc6b
mc-minbias-2011_11288287-86.root	1bd8718a
mc-minbias-2011_11288285-74.root	369317c0
mc-minbias-2011_11252625-60.root	a9c17454
mc-minbias-2011_11288508-59.root	36d3e7aa
mc-minbias-2011_11288508-88.root	f54ee76f
mc-minbias-2011_11288505-50.root	6e7b5407
mc-minbias-2011_11288287-25.root	0e19439a
mc-minbias-2011_11288286-4.root	13677d9a
mc-minbias-2011_11288505-81.root	19879e7c
mc-minbias-2011_11288507-73.root	145abbbc
mc-minbias-2011_11288508-25.root	d8f92397
mc-minbias-2011_11288504-42.root	568b2ac0
mc-minbias-2011_11288286-37.root	1e73b953
mc-minbias-2011_11288506-61.root	6d0238da
mc-minbias-2011_11288504-93.root	8a915738
mc-minbias-2011_11260045-67.root	c1799062
mc-minbias-2011_11288287-59.root	b0ab3637
mc-minbias-2011_11260041-21.root	c4f3c1af
mc-minbias-2011_11288287-88.root	9f1199ae
mc-minbias-2011_11288286-30.root	d5fc7a90
mc-minbias-2011_11288508-22.root	d7889b43
mc-minbias-2011_11288504-45.root	dbd75bea
mc-minbias-2011_11288506-66.root	0c5af52a
mc-minbias-2011_11288504-94.root	727cd7d5
mc-minbias-2011_11260045-60.root	ac28fd5f
mc-minbias-2011_11260041-26.root	ebc1074a
mc-minbias-2011_11252625-67.root	df47b6ef
mc-minbias-2011_11288504-39.root	ab00b672
mc-minbias-2011_11288287-22.root	e9ccb7a7
mc-minbias-2011_11288505-57.root	eb6b2da3
mc-minbias-2011_11288286-3.root	ed40ffec
mc-minbias-2011_11288505-86.root	499d6d5d
mc-minbias-2011_11288507-74.root	b61d3f7b
mc-minbias-2011_11260045-55.root	178eb525
mc-minbias-2011_11288506-53.root	759e7905
mc-minbias-2011_11288504-70.root	8939f0c6
mc-minbias-2011_11288508-17.root	818433e7
mc-minbias-2011_11288506-82.root	dd21b757
mc-minbias-2011_11288285-48.root	0a5359f2
mc-minbias-2011_11260041-13.root	a7169d77
mc-minbias-2011_11288285-99.root	34673b9f
mc-minbias-2011_11252625-83.root	24e770b1
mc-minbias-2011_11260045-29.root	0bd0f500
mc-minbias-2011_11260041-1.root	0b0cb17a
mc-minbias-2011_11288286-79.root	09c2290f
mc-minbias-2011_11252625-52.root	303e6a9b
mc-minbias-2011_11288507-41.root	084517b8
mc-minbias-2011_11288285-34.root	386238bb
mc-minbias-2011_11288507-90.root	5f03babf
mc-minbias-2011_11288287-17.root	2441b3d4
mc-minbias-2011_11288505-62.root	47ade026
mc-minbias-2011_11252625-84.root	ae6f74c3
mc-minbias-2011_11288506-28.root	698a403d
mc-minbias-2011_11260041-6.root	563fea27
mc-minbias-2011_11252625-55.root	ab9041e7
mc-minbias-2011_11288285-33.root	2b964bc9
mc-minbias-2011_11288507-46.root	7474c32e
mc-minbias-2011_11260041-68.root	a93096bd
mc-minbias-2011_11288507-97.root	876f64db
mc-minbias-2011_11288505-65.root	4e6fc5fb
mc-minbias-2011_11288287-10.root	c22db748
mc-minbias-2011_11260045-52.root	a618743d
mc-minbias-2011_11288506-54.root	c7269957
mc-minbias-2011_11288504-77.root	580049a2
mc-minbias-2011_11288508-10.root	25115909
mc-minbias-2011_11288506-85.root	08d6b4b7
mc-minbias-2011_11252625-29.root	c3f6abf7
mc-minbias-2011_11260041-14.root	acf3fcc2
mc-minbias-2011_11288505-19.root	e9d997c2
mc-minbias-2011_11260045-20.root	0ab72cf9
mc-minbias-2011_11288506-26.root	77a01d8c
mc-minbias-2011_11288286-70.root	9c156a6a
mc-minbias-2011_11288508-62.root	3212efd6
mc-minbias-2011_11260041-8.root	bf562ec0
mc-minbias-2011_11288507-48.root	0c0f28cd
mc-minbias-2011_11260041-66.root	c995798b
mc-minbias-2011_11288507-99.root	c0533171
mc-minbias-2011_11288507-4.root	6fc11b27
mc-minbias-2011_11288504-79.root	e068aa8e
mc-minbias-2011_11252625-27.root	c84cc958
mc-minbias-2011_11288507-34.root	fcba3246
mc-minbias-2011_11288285-41.root	0da0889e
mc-minbias-2011_11288285-90.root	108af528
mc-minbias-2011_11288287-62.root	43f18b69
mc-minbias-2011_11288505-17.root	e2b081c7
mc-minbias-2011_11288507-3.root	6c56f699
mc-minbias-2011_11288508-19.root	e19f0b2d
mc-minbias-2011_11252625-20.root	162f8a8c
mc-minbias-2011_11288285-46.root	8d4c2edb
mc-minbias-2011_11288507-33.root	abbbcd54
mc-minbias-2011_11288285-97.root	8e75932b
mc-minbias-2011_11288505-10.root	ca659127
mc-minbias-2011_11288287-65.root	7ab5eb0a
mc-minbias-2011_11260045-27.root	d8f9d05b
mc-minbias-2011_11288506-21.root	429ce952
mc-minbias-2011_11288508-65.root	4afc5dbe
mc-minbias-2011_11288286-77.root	294e4058
mc-minbias-2011_11260041-61.root	7b9e38ef
mc-minbias-2011_11288287-19.root	b057263a
mc-minbias-2011_11288287-74.root	4a220ce6
mc-minbias-2011_11288285-86.root	f03c346b
mc-minbias-2011_11288285-57.root	aa41097b
mc-minbias-2011_11288507-22.root	11cd4a9c
mc-minbias-2011_11288504-5.root	387975d6
mc-minbias-2011_11252625-31.root	629257de
mc-minbias-2011_11260045-3.root	9afbf0ca
mc-minbias-2011_11260041-70.root	9e7a76b9
mc-minbias-2011_11288508-74.root	bcca5e9c
mc-minbias-2011_11288504-13.root	f0b63cb8
mc-minbias-2011_11288286-66.root	505c1a2f
mc-minbias-2011_11260045-36.root	ad71fa2b
mc-minbias-2011_11288506-30.root	79d0b029
mc-minbias-2011_11260041-77.root	59e6fa0b
mc-minbias-2011_11288507-88.root	9be1d477
mc-minbias-2011_11288507-59.root	33b13ef0
mc-minbias-2011_11288286-61.root	184b0a98
mc-minbias-2011_11288508-73.root	e94108a5
mc-minbias-2011_11288504-14.root	a08ee811
mc-minbias-2011_11260045-31.root	393b2c9c
mc-minbias-2011_11288506-37.root	4bf88894
mc-minbias-2011_11288287-73.root	7055b4d9
mc-minbias-2011_11288285-81.root	3718bc0b
mc-minbias-2011_11288507-25.root	4f7bef03
mc-minbias-2011_11288285-50.root	fa7cfb5e
mc-minbias-2011_11288504-2.root	00039c34
mc-minbias-2011_11288504-68.root	2f711d9c
mc-minbias-2011_11252625-36.root	ecb32712
mc-minbias-2011_11260045-4.root	39137abc
mc-minbias-2011_11260041-79.root	1eb74a9a
mc-minbias-2011_11288505-74.root	0e3380a6
mc-minbias-2011_11288507-86.root	6449cc4e
mc-minbias-2011_11288285-22.root	35ac3c00
mc-minbias-2011_11288507-57.root	fe7d84d0
mc-minbias-2011_11288508-2.root	b9d79863
mc-minbias-2011_11252625-44.root	3cf6f844
mc-minbias-2011_11252625-95.root	00e14b94
mc-minbias-2011_11288506-39.root	10552c9d
mc-minbias-2011_11288506-94.root	f771e460
mc-minbias-2011_11288504-66.root	582ebeee
mc-minbias-2011_11288286-13.root	61724173
mc-minbias-2011_11288287-4.root	3e92980a
mc-minbias-2011_11252625-38.root	14c63484
mc-minbias-2011_11260045-43.root	e9ca3df1
mc-minbias-2011_11288506-45.root	e58684df
mc-minbias-2011_11288285-88.root	1252f31a
mc-minbias-2011_11288285-59.root	8b16aade
mc-minbias-2011_11288506-93.root	ac735ec1
mc-minbias-2011_11288286-14.root	7fabdf8a
mc-minbias-2011_11288504-61.root	40d65e54
mc-minbias-2011_11260045-95.root	aca5a20c
mc-minbias-2011_11288287-3.root	696a3da0
mc-minbias-2011_11260045-44.root	d7e0ed21
mc-minbias-2011_11288506-42.root	e4ffb829
mc-minbias-2011_11288505-73.root	6be08d65
mc-minbias-2011_11288507-81.root	cf32626d
mc-minbias-2011_11288507-50.root	eb551403
mc-minbias-2011_11288285-25.root	39d9bcc5
mc-minbias-2011_11288508-5.root	aaf55c4c
mc-minbias-2011_11288286-68.root	ffd3aa4a
mc-minbias-2011_11252625-43.root	f6cf569b
mc-minbias-2011_11260045-38.root	5c190459
mc-minbias-2011_11252625-92.root	a89c1cf3
mc-minbias-2011_11288507-19.root	c0550a03
mc-minbias-2011_11260041-37.root	67178739
mc-minbias-2011_11288504-85.root	424d70e1
mc-minbias-2011_11288506-77.root	3442815b
mc-minbias-2011_11288286-21.root	4f7bb7c3
mc-minbias-2011_11288508-33.root	1234e819
mc-minbias-2011_11288504-54.root	ccb9c275
mc-minbias-2011_11288507-65.root	94250d7e
mc-minbias-2011_11288285-10.root	eb8bb579
mc-minbias-2011_11288505-97.root	52dc1675
mc-minbias-2011_11288287-33.root	16211c46
mc-minbias-2011_11288505-46.root	efff3960
mc-minbias-2011_11288285-5.root	94d0cf0b
mc-minbias-2011_11252625-76.root	9e7c01de
mc-minbias-2011_11288504-28.root	7c7832d2
mc-minbias-2011_11288285-17.root	d682fa0e
mc-minbias-2011_11288507-62.root	7a3b7e51
mc-minbias-2011_11288505-90.root	ba0c942d
mc-minbias-2011_11288505-41.root	02031c65
mc-minbias-2011_11288287-34.root	0ba2da85
mc-minbias-2011_11288285-2.root	a7c2a762
mc-minbias-2011_11288508-99.root	ba736d1b
mc-minbias-2011_11252625-71.root	aaf6529d
mc-minbias-2011_11288508-48.root	1a41d558
mc-minbias-2011_11288287-99.root	7810c9a0
mc-minbias-2011_11288287-48.root	0a0be672
mc-minbias-2011_11260041-30.root	5c19b1d7
mc-minbias-2011_11288504-82.root	2d5a6996
mc-minbias-2011_11288506-70.root	49d78819
mc-minbias-2011_11260045-76.root	2b01749b
mc-minbias-2011_11252622-0.root	12dc6381
mc-minbias-2011_11288508-34.root	213d2836
mc-minbias-2011_11288504-53.root	61e1003e
mc-minbias-2011_11288286-26.root	7837e01f
mc-minbias-2011_11260041-93.root	5f87f99e
mc-minbias-2011_11288285-19.root	f858695f
mc-minbias-2011_11260041-42.root	53e7d1b7
mc-minbias-2011_11288506-4.root	21771bc7
mc-minbias-2011_11288508-97.root	1cae1527
mc-minbias-2011_11252625-4.root	2003e03f
mc-minbias-2011_11288286-85.root	67f3faba
mc-minbias-2011_11288286-54.root	1083a252
mc-minbias-2011_11288504-21.root	f1bf5c1d
mc-minbias-2011_11288508-46.root	0d0b5643
mc-minbias-2011_11288507-10.root	49984bc7
mc-minbias-2011_11288285-65.root	834b3172
mc-minbias-2011_11288287-97.root	0b00f283
mc-minbias-2011_11288287-46.root	231130d2
mc-minbias-2011_11288505-33.root	f0c5ceae
mc-minbias-2011_11260045-78.root	e8ad6ab7
mc-minbias-2011_11288286-28.root	e7231ee9
mc-minbias-2011_11288285-62.root	0d36cecb
mc-minbias-2011_11288507-17.root	dfd3fd5c
mc-minbias-2011_11288287-90.root	66b4bde8
mc-minbias-2011_11288505-34.root	f4e6a8a3
mc-minbias-2011_11288287-41.root	de6749cc
mc-minbias-2011_11260041-39.root	c32b8dc4
mc-minbias-2011_11288506-79.root	bca38abd
mc-minbias-2011_11260041-94.root	e6b10455
mc-minbias-2011_11288505-99.root	c59473ee
mc-minbias-2011_11288505-48.root	2210bd4d
mc-minbias-2011_11260041-45.root	aee40a21
mc-minbias-2011_11288506-3.root	908f2daf
mc-minbias-2011_11288286-82.root	11a73a20
mc-minbias-2011_11288508-90.root	72149a69
mc-minbias-2011_11252625-3.root	f06e744a
mc-minbias-2011_11252625-78.root	ac91b571
mc-minbias-2011_11288504-26.root	ea98a252
mc-minbias-2011_11288508-41.root	1eceba39
mc-minbias-2011_11288286-53.root	0875ac75
